two_step,mixed
0.015757334,0.09523125
0.015934166,0.847898208
0.014727875,8.611786
0.019310041,84.960142959
